<?xml version="1.0" encoding="UTF-8"?>
<beans xmlns="http://www.springframework.org/schema/beans"
    xmlns:xsi="http://www.w3.org/2001/XMLSchema-instance"
    xsi:schemaLocation="
        http://www.springframework.org/schema/beans http://www.springframework.org/schema/beans/spring-beans.xsd">

    <bean id="employee" class="com.capgemini.springcore.beans.EmployeeBean" autowire="byType" >

    <property name="empId" value="101"/>
     <property name="empName" value="anu"/>
   <!--  <property name="departmentBean" ref="hr"/>  -->
    </bean>
    
    <bean id="departmentBean" class="com.capgemini.springcore.beans.DepartmentBean" autowire-candidate ="false">

    <property name="deptId" value="501"/>
     <property name="deptName" value="Departmnet..."/>
    </bean>
    
    <bean id="departmentBan" class="com.capgemini.springcore.beans.DepartmentBean"  >

    <property name="deptId" value="502"/>
     <property name="deptName" value="Dev"/>
    </bean>
    
    <bean id="hr" class="com.capgemini.springcore.beans.DepartmentBean" autowire-candidate ="false" >

    <property name="deptId" value="503"/>
     <property name="deptName" value="hr"/>
    </bean>
    
      
   
    
</beans>