<?xml version="1.0" encoding="UTF-8"?>

<beans xmlns="http://www.springframework.org/schema/beans"
   xmlns:xsi="http://www.w3.org/2001/XMLSchema-instance"
   xsi:schemaLocation="http://www.springframework.org/schema/beans
       https://www.springframework.org/schema/beans/spring-beans.xsd">
   <bean id="db"
   class="org.springframework.jdbc.datasource.DriverManagerDataSource">
		<property name="driverClassName" value="com.mysql.cj.jdbc.Driver" />
		<property name="url" value="jdbc:mysql://localhost:3306/hr?useSSL=false" />
		<property name="username" value="root" />
		<property name="password" value="root" />
   </bean>
   <bean id="jt" class="org.springframework.jdbc.core.JdbcTemplate">
   		<property name="dataSource" ref="db" />
   </bean>
   <bean id="cdao" class="com.legato.SpringJDBC.CustomerDAO">
   		<constructor-arg>
   			<ref bean="jt" />
   		</constructor-arg>
   </bean>
</beans>